"","year","locality","n_offers","average_price_nominal_euros","average_price_m2_nominal_euros","localitt"
"1","2010","Bascharage",192,593698.31,3603.57,"Bascharage"
"2","2010","Beaufort",266,461160.29,2902.76,"Beaufort"
"3","2010","Bech",65,621760.22,3280.51,"Bech"
"4","2010","Beckerich",176,444498.68,2867.88,"Beckerich"
"5","2010","Berdorf",111,504040.85,3055.99,"Berdorf"
"6","2010","Bertrange",264,795338.87,4266.46,"Bertrange"
"7","2010","Bettembourg",304,555628.29,3343.22,"Bettembourg"
"8","2010","Bettendorf",94,495074.38,3235.26,"Bettendorf"
"9","2010","Betzdorf",119,625914.47,3343.05,"Betzdorf"
"10","2010","Bissen",70,516465.57,3321.65,"Bissen"
"11","2010","Biwer",122,576659.02,3033.23,"Biwer"
"12","2010","Boevange-sur-Attert",113,541159.17,3031.3,"Boevange-sur-Attert"
"13","2010","Boulaide",125,473043.65,2943.82,"Boulaide"
"14","2010","Bourscheid",72,528971.81,2816,"Bourscheid"
"15","2010","Bous",57,523272.09,3164.58,"Bous"
"16","2010","Burmerange",126,538516.06,3254.97,"Burmerange"
"17","2010","Clémency",88,584038.64,3321.14,"Clémency"
"18","2010","Clervaux",87,479297.9,2736.26,"Clervaux"
"19","2010","Colmar-Berg",64,514425.31,3269.3,"Colmar-Berg"
"20","2010","Consdorf",55,535906.15,3419.92,"Consdorf"
"21","2010","Consthum",29,NA,NA,"Consthum"
"22","2010","Contern",147,744879.05,4053.23,"Contern"
"23","2010","Dalheim",181,585315.07,3269.23,"Dalheim"
"24","2010","Diekirch",136,486927.35,2899.34,"Diekirch"
"25","2010","Differdange",672,441969.35,2816.26,"Differdange"
"26","2010","Dippach",224,695294.47,3796,"Dippach"
"27","2010","Dudelange",556,540933.45,3095.67,"Dudelange"
"28","2010","Echternach",140,585544.72,3531.5,"Echternach"
"29","2010","Ell",63,509571.7,3090.8,"Ell"
"30","2010","Ermsdorf",56,501004.3,3261.34,"Ermsdorf"
"31","2010","Erpeldange",56,705361.07,3455.27,"Erpeldange"
"32","2010","Esch-sur-Alzette",750,493472.43,2953.48,"Esch-sur-Alzette"
"33","2010","Esch-sur-Sûre",7,NA,NA,"Esch-sur-Sûre"
"34","2010","Eschweiler",89,463350.45,2621.53,"Eschweiler"
"35","2010","Ettelbruck",177,493092.49,3002.54,"Ettelbruck"
"36","2010","Feulen",200,544236.96,3087.17,"Feulen"
"37","2010","Fischbach",103,524858.36,3377.71,"Fischbach"
"38","2010","Flaxweiler",106,613794.84,3173.61,"Flaxweiler"
"39","2010","Frisange",165,720322.8,3555.59,"Frisange"
"40","2010","Garnich",130,654931.82,3690.83,"Garnich"
"41","2010","Goesdorf",137,436833.45,2618.22,"Goesdorf"
"42","2010","Grevenmacher",124,564622.03,3074,"Grevenmacher"
"43","2010","Grosbous",56,511044.64,2970.34,"Grosbous"
"44","2010","Heffingen",71,512817.17,2890.24,"Heffingen"
"45","2010","Heiderscheid",29,NA,NA,"Heiderscheid"
"46","2010","Heinerscheid",84,436756.27,2646.91,"Heinerscheid"
"47","2010","Hesperange",311,688678.41,3776.49,"Hesperange"
"48","2010","Hobscheid",305,510125.48,3051.88,"Hobscheid"
"49","2010","Hoscheid",26,NA,NA,"Hoscheid"
"50","2010","Hosingen",129,431977.29,2589.35,"Hosingen"
"51","2010","Junglinster",351,637234.95,3469.25,"Junglinster"
"52","2010","Kayl",212,470633.53,2948.56,"Kayl"
"53","2010","Kehlen",339,722238.71,3653.84,"Kehlen"
"54","2010","Kiischpelt",79,431157.04,2758.9,"Kiischpelt"
"55","2010","Koerich",124,624003.17,3112.92,"Koerich"
"56","2010","Kopstal",159,764166.67,3814.02,"Kopstal"
"57","2010","Lac de la Haute-Sûre",80,510604.93,2828.74,"Lac de la Haute-Sûre"
"58","2010","Larochette",78,456218.15,2555.08,"Larochette"
"59","2010","Lenningen",107,561987.79,3068.77,"Lenningen"
"60","2010","Leudelange",134,661047.51,3728.1,"Leudelange"
"61","2010","Lintgen",136,599191.35,3464.7,"Lintgen"
"62","2010","Lorentzweiler",109,630770.2,3629.33,"Lorentzweiler"
"63","2010","Luxembourg",1186,687345.73,3936.46,"Luxembourg"
"64","2010","Mamer",351,728893.07,3699.21,"Mamer"
"65","2010","Manternach",77,518309.99,3134.95,"Manternach"
"66","2010","Medernach",39,436064.1,2619.54,"Medernach"
"67","2010","Mersch",527,544950.27,3417.97,"Mersch"
"68","2010","Mertert",246,538328,3199.92,"Mertert"
"69","2010","Mertzig",279,485441.42,2967.37,"Mertzig"
"70","2010","Mompach",75,539777.35,2802.29,"Mompach"
"71","2010","Mondercange",304,686160.73,3405.09,"Mondercange"
"72","2010","Mondorf-les-Bains",136,726121.01,3884.07,"Mondorf-les-Bains"
"73","2010","Munshausen",105,511371.31,2576.96,"Munshausen"
"74","2010","Neunhausen",56,434876.57,3024.47,"Neunhausen"
"75","2010","Niederanven",239,830236.44,4191.26,"Niederanven"
"76","2010","Nommern",70,573534.5,3290.24,"Nommern"
"77","2010","Pétange",556,423512.53,2777.93,"Pétange"
"78","2010","Préizerdaul",71,572473.55,3160.04,"Préizerdaul"
"79","2010","Putscheid",36,460107.22,2939.04,"Putscheid"
"80","2010","Rambrouch",201,455493.58,2714.45,"Rambrouch"
"81","2010","Reckange-sur-Mess",136,665347.08,3894.83,"Reckange-sur-Mess"
"82","2010","Redange-sur-Attert",178,553142.56,3143.18,"Redange-sur-Attert"
"83","2010","Reisdorf",53,473934.38,2696.54,"Reisdorf"
"84","2010","Remich",122,598631.57,2949,"Remich"
"85","2010","Roeser",149,665718.55,3607.38,"Roeser"
"86","2010","Rosport",99,466534.95,2699.78,"Rosport"
"87","2010","Rumelange",158,444361.66,2784.13,"Rumelange"
"88","2010","Saeul",14,NA,NA,"Saeul"
"89","2010","Sandweiler",121,623839.17,3596.66,"Sandweiler"
"90","2010","Sanem",585,522421.88,3128.45,"Sanem"
"91","2010","Schengen",66,602405.45,3019.56,"Schengen"
"92","2010","Schieren",92,609920.4,3698.8,"Schieren"
"93","2010","Schifflange",167,491433.53,2989.49,"Schifflange"
"94","2010","Schuttrange",234,748495.92,3924.34,"Schuttrange"
"95","2010","Septfontaines",69,586461.58,2974.03,"Septfontaines"
"96","2010","Stadtbredimus",87,591809.93,2886.59,"Stadtbredimus"
"97","2010","Steinfort",286,579086.61,3400.82,"Steinfort"
"98","2010","Steinsel",183,774837.35,3923.54,"Steinsel"
"99","2010","Strassen",139,841289.29,4614.81,"Strassen"
"100","2010","Tandel",75,398777,2474.33,"Tandel"
"101","2010","Troisvierges",142,411557.23,2434.71,"Troisvierges"
"102","2010","Tuntange",59,612027.24,3118.44,"Tuntange"
"103","2010","Useldange",119,554186.01,3049.99,"Useldange"
"104","2010","Vianden",66,470709.09,3095.91,"Vianden"
"105","2010","Vichten",83,481182.07,3088.75,"Vichten"
"106","2010","Wahl",71,401237.8,2484.89,"Wahl"
"107","2010","Waldbillig",115,540925.3,3112.11,"Waldbillig"
"108","2010","Waldbredimus",68,605160.15,3145.27,"Waldbredimus"
"109","2010","Walferdange",192,706557.31,4269.67,"Walferdange"
"110","2010","Weiler-la-Tour",79,740993.72,3549.15,"Weiler-la-Tour"
"111","2010","Weiswampach",184,402085.91,2466.01,"Weiswampach"
"112","2010","Wellenstein",82,567134.15,2683.12,"Wellenstein"
"113","2010","Wiltz",142,383925.13,2308.76,"Wiltz"
"114","2010","Wincrange",363,412101.72,2478.75,"Wincrange"
"115","2010","Winseler",67,465087.97,2818.02,"Winseler"
"116","2010","Wormeldange",142,606860.5,2929.99,"Wormeldange"
"117","2011","Bascharage",193,682008.89119171,3634.54235180348,"Bascharage"
"118","2011","Beaufort",229,431952.589519651,2905.43118743031,"Beaufort"
"119","2011","Bech",122,620519.983606558,3463.10989833762,"Bech"
"120","2011","Beckerich",177,486224.830508475,3160.95962631582,"Beckerich"
"121","2011","Berdorf",107,476101.943925234,2919.0292828239,"Berdorf"
"122","2011","Bertrange",312,834094.381410256,4439.7051416448,"Bertrange"
"123","2011","Bettembourg",383,587924.281984334,3529.88135471443,"Bettembourg"
"124","2011","Bettendorf",104,528219.788461539,3208.39833461521,"Bettendorf"
"125","2011","Betzdorf",101,693871.247524752,3466.99265536803,"Betzdorf"
"126","2011","Bissen",126,564819.603174603,3321.70326683311,"Bissen"
"127","2011","Biwer",148,652309.45945946,3463.2481254133,"Biwer"
"128","2011","Boevange-sur-Attert",157,571955.477707006,3162.94938228874,"Boevange-sur-Attert"
"129","2011","Boulaide",234,455009.888888889,2828.66535946998,"Boulaide"
"130","2011","Bourscheid",46,569805.869565217,3361.15720424902,"Bourscheid"
"131","2011","Bous",35,591160,2794.76430551209,"Bous"
"132","2011","Burmerange",106,570558.688679245,3397.84268930747,"Burmerange"
"133","2011","Clémency",79,597782.278481013,3438.55688243798,"Clémency"
"134","2011","Clervaux",160,435208.44375,2742.56282858698,"Clervaux"
"135","2011","Colmar-Berg",113,538536.371681416,3124.66544389686,"Colmar-Berg"
"136","2011","Consdorf",78,526683.23076923,3262.52565934131,"Consdorf"
"137","2011","Consthum",17,NA,NA,"Consthum"
"138","2011","Contern",140,721393.107142857,3802.12191901674,"Contern"
"139","2011","Dalheim",156,649611.044871795,3334.58254985278,"Dalheim"
"140","2011","Diekirch",144,494729.416666667,3008.93665181775,"Diekirch"
"141","2011","Differdange",854,450715.325526932,2917.44438379859,"Differdange"
"142","2011","Dippach",327,696981.287461774,3859.3893777865,"Dippach"
"143","2011","Dudelange",493,580481.744421906,3201.95347635199,"Dudelange"
"144","2011","Echternach",125,575613.792,3610.40996214752,"Echternach"
"145","2011","Ell",50,547710,3116.98809241687,"Ell"
"146","2011","Ermsdorf",76,510047.763157895,3261.48193743461,"Ermsdorf"
"147","2011","Erpeldange",64,642865.8125,3527.62169516339,"Erpeldange"
"148","2011","Esch-sur-Alzette",843,537631.322657175,3056.65360599428,"Esch-sur-Alzette"
"149","2011","Esch-sur-Sûre",4,NA,NA,"Esch-sur-Sûre"
"150","2011","Eschweiler",117,406200.897435897,2521.52071813802,"Eschweiler"
"151","2011","Ettelbruck",278,508982.611510791,3176.67243789977,"Ettelbruck"
"152","2011","Feulen",216,537066.152777777,3060.75685494711,"Feulen"
"153","2011","Fischbach",117,572201.145299145,3584.60807871771,"Fischbach"
"154","2011","Flaxweiler",125,671418.143999999,3415.43055403629,"Flaxweiler"
"155","2011","Frisange",151,896380.675496689,3769.18279965016,"Frisange"
"156","2011","Garnich",111,701339.504504504,3742.83146009019,"Garnich"
"157","2011","Goesdorf",145,455237.682758621,2757.19682557317,"Goesdorf"
"158","2011","Grevenmacher",224,581531.736607143,3316.78644544558,"Grevenmacher"
"159","2011","Grosbous",53,532620.132075472,3183.73566834731,"Grosbous"
"160","2011","Heffingen",153,543973.124183007,3152.69928891533,"Heffingen"
"161","2011","Heiderscheid",52,440677.269230769,2781.2508550151,"Heiderscheid"
"162","2011","Heinerscheid",84,512157.142857143,2463.6340773488,"Heinerscheid"
"163","2011","Hesperange",377,796362.915119363,4096.01280577222,"Hesperange"
"164","2011","Hobscheid",273,557026.091575091,3165.67914928011,"Hobscheid"
"165","2011","Hoscheid",43,537051.744186047,2808.08859589202,"Hoscheid"
"166","2011","Hosingen",135,479841.888888889,2802.78290614455,"Hosingen"
"167","2011","Junglinster",382,654266.052356021,3613.53638006565,"Junglinster"
"168","2011","Kayl",191,502502.617801047,3155.24179053388,"Kayl"
"169","2011","Kehlen",256,784410.37109375,3896.11810032327,"Kehlen"
"170","2011","Kiischpelt",110,491877.436363636,2982.92794012898,"Kiischpelt"
"171","2011","Koerich",114,650362.289473685,3338.29191184361,"Koerich"
"172","2011","Kopstal",134,836879.664179104,4133.40642429604,"Kopstal"
"173","2011","Lac de la Haute-Sûre",127,463707.440944882,2681.73216526304,"Lac de la Haute-Sûre"
"174","2011","Larochette",42,458785.714285714,2787.15292568635,"Larochette"
"175","2011","Lenningen",94,657632.468085106,3618.35465199597,"Lenningen"
"176","2011","Leudelange",147,919601.136054422,3683.22034093212,"Leudelange"
"177","2011","Lintgen",109,632328.697247706,3424.23693346684,"Lintgen"
"178","2011","Lorentzweiler",123,649802.861788618,3565.22143777362,"Lorentzweiler"
"179","2011","Luxembourg",1309,781792.94499618,4371.00220261147,"Luxembourg"
"180","2011","Mamer",285,824054.65614035,4111.91277612733,"Mamer"
"181","2011","Manternach",110,564653.836363637,3369.36891899239,"Manternach"
"182","2011","Medernach",45,563125.333333333,3105.35010353473,"Medernach"
"183","2011","Mersch",599,562464.50918197,3718.41833300623,"Mersch"
"184","2011","Mertert",168,517617.25,3136.17106562296,"Mertert"
"185","2011","Mertzig",432,479868.696759259,3049.25281303322,"Mertzig"
"186","2011","Mompach",138,510205.992753623,3387.17532858633,"Mompach"
"187","2011","Mondercange",194,789140.494845361,4078.58857452239,"Mondercange"
"188","2011","Mondorf-les-Bains",83,820462.168674699,3743.79671836129,"Mondorf-les-Bains"
"189","2011","Munshausen",135,532083.17037037,2597.40221774721,"Munshausen"
"190","2011","Neunhausen",82,517509.219512195,3011.03860927259,"Neunhausen"
"191","2011","Niederanven",300,852390.233333333,4449.68546211997,"Niederanven"
"192","2011","Nommern",82,597892.18292683,3528.19705365862,"Nommern"
"193","2011","Pétange",676,421112.721893491,2806.17798691554,"Pétange"
"194","2011","Préizerdaul",166,513700.21686747,2926.77648273113,"Préizerdaul"
"195","2011","Putscheid",20,NA,NA,"Putscheid"
"196","2011","Rambrouch",218,472483.848623853,2768.88024686236,"Rambrouch"
"197","2011","Reckange-sur-Mess",89,708306.662921349,4038.10053689593,"Reckange-sur-Mess"
"198","2011","Redange-sur-Attert",145,568531.634482758,3281.55949938906,"Redange-sur-Attert"
"199","2011","Reisdorf",76,442101.789473684,2896.58675307012,"Reisdorf"
"200","2011","Remich",110,716419.663636364,3236.2716985573,"Remich"
"201","2011","Roeser",127,749032.448818898,3643.7832466718,"Roeser"
"202","2011","Rosport",118,483444.915254237,2802.92761508712,"Rosport"
"203","2011","Rumelange",176,421050.278409091,2691.03272760768,"Rumelange"
"204","2011","Saeul",24,NA,NA,"Saeul"
"205","2011","Sandweiler",98,758447.336734694,4110.11602886764,"Sandweiler"
"206","2011","Sanem",642,528481.993769469,3219.28159026516,"Sanem"
"207","2011","Schengen",35,749085.714285714,3537.22211552407,"Schengen"
"208","2011","Schieren",132,595674.613636364,3801.84607171218,"Schieren"
"209","2011","Schifflange",295,483816.610169491,2997.43413440121,"Schifflange"
"210","2011","Schuttrange",263,842471.992395437,4321.16210321527,"Schuttrange"
"211","2011","Septfontaines",69,651311.782608695,2899.64556028838,"Septfontaines"
"212","2011","Stadtbredimus",83,671891.951807229,3105.32662116638,"Stadtbredimus"
"213","2011","Steinfort",189,582706.35978836,3379.69420045877,"Steinfort"
"214","2011","Steinsel",190,856929.968421052,4193.88485752708,"Steinsel"
"215","2011","Strassen",215,836947.311627907,4713.0007250357,"Strassen"
"216","2011","Tandel",133,382792.443609022,2487.04097412355,"Tandel"
"217","2011","Troisvierges",125,417244.808,2528.53478311459,"Troisvierges"
"218","2011","Tuntange",66,636265.151515152,3272.27107250085,"Tuntange"
"219","2011","Useldange",147,543377.789115646,2911.69009585271,"Useldange"
"220","2011","Vianden",103,457270.873786408,2887.82921577944,"Vianden"
"221","2011","Vichten",133,544719.518796992,3387.39857500223,"Vichten"
"222","2011","Wahl",77,472995.584415584,2803.4079501999,"Wahl"
"223","2011","Waldbillig",175,621869.108571428,3200.31616323655,"Waldbillig"
"224","2011","Waldbredimus",15,NA,NA,"Waldbredimus"
"225","2011","Walferdange",170,933164.252941176,4328.92720246661,"Walferdange"
"226","2011","Weiler-la-Tour",111,777939.657657657,3715.26542680989,"Weiler-la-Tour"
"227","2011","Weiswampach",120,405951.975,2463.06110808262,"Weiswampach"
"228","2011","Wellenstein",71,532183.09859155,2639.84136923527,"Wellenstein"
"229","2011","Wiltz",207,391845.93236715,2357.57255460451,"Wiltz"
"230","2011","Wincrange",431,429011.43387471,2563.03518780265,"Wincrange"
"231","2011","Winseler",110,457427.854545454,2856.82965654286,"Winseler"
"232","2011","Wormeldange",155,640369.341935484,3148.30391809076,"Wormeldange"
"233","2012","Beaufort",130,435420.9154,2836.103,"Beaufort"
"234","2012","Bech",43,750238.0465,4195.594,"Bech"
"235","2012","Beckerich",173,616701.0636,3813.901,"Beckerich"
"236","2012","Berdorf",69,549343.0725,3212.776,"Berdorf"
"237","2012","Bertrange",96,827322.9271,4265.93,"Bertrange"
"238","2012","Bettembourg",220,637545.9773,3657.179,"Bettembourg"
"239","2012","Bettendorf",95,554614.2947,3044.694,"Bettendorf"
"240","2012","Betzdorf",68,703296.4853,3451.869,"Betzdorf"
"241","2012","Bissen",58,564974.1379,3282.375,"Bissen"
"242","2012","Biwer",147,630045.5442,3751.876,"Biwer"
"243","2012","Boevange-sur-Attert",39,648133.8462,3629.649,"Boevange-sur-Attert"
"244","2012","Boulaide",164,451527.2073,2790.463,"Boulaide"
"245","2012","Bourscheid",58,564555.3448,3148.6,"Bourscheid"
"246","2012","Bous",31,569238.8387,3053.411,"Bous"
"247","2012","Clervaux",338,476620.0947,2795.499,"Clervaux"
"248","2012","Colmar-Berg",47,682696.1064,3181.71,"Colmar-Berg"
"249","2012","Consdorf",42,529570.7619,3283.063,"Consdorf"
"250","2012","Contern",66,778619.697,3854.369,"Contern"
"251","2012","Dalheim",90,622159.2111,3249.739,"Dalheim"
"252","2012","Diekirch",133,526352.9248,3441.238,"Diekirch"
"253","2012","Differdange",624,450711.9135,2857.026,"Differdange"
"254","2012","Dippach",155,714772.2323,4018.097,"Dippach"
"255","2012","Dudelange",395,576547.1519,3288.869,"Dudelange"
"256","2012","Echternach",173,614917.5491,3921.686,"Echternach"
"257","2012","Ell",91,570045.0659,3025.903,"Ell"
"258","2012","Erpeldange",201,594376.0647,3754.65,"Erpeldange"
"259","2012","Esch-sur-Alzette",623,506358.6003,2973.827,"Esch-sur-Alzette"
"260","2012","Esch-sur-Sûre",101,466171.1584,3032.676,"Esch-sur-Sûre"
"261","2012","Eschweiler",74,394735.5,2529.762,"Eschweiler"
"262","2012","Ettelbruck",203,536772.4089,3166.969,"Ettelbruck"
"263","2012","Feulen",95,554090.8105,3012.205,"Feulen"
"264","2012","Fischbach",25,NA,NA,"Fischbach"
"265","2012","Flaxweiler",57,628417.9649,3605.495,"Flaxweiler"
"266","2012","Frisange",105,874898.8952,4089.835,"Frisange"
"267","2012","Garnich",47,669938.766,3578.258,"Garnich"
"268","2012","Goesdorf",92,455444.6413,2844.624,"Goesdorf"
"269","2012","Grevenmacher",204,577448.1324,3341.198,"Grevenmacher"
"270","2012","Grosbous",118,510851.5254,3251.684,"Grosbous"
"271","2012","Heffingen",75,584423.2667,3324.328,"Heffingen"
"272","2012","Hesperange",228,817278.0658,4109.265,"Hesperange"
"273","2012","Hobscheid",202,593577.2871,3551.955,"Hobscheid"
"274","2012","Junglinster",248,736335.6573,4148.46,"Junglinster"
"275","2012","Kaerjeng",320,689518.4156,3818.623,"Kaerjeng"
"276","2012","Kayl",186,517625.8387,3034.128,"Kayl"
"277","2012","Kehlen",160,772265.675,3887.912,"Kehlen"
"278","2012","Kiischpelt",46,364181.5652,2527.883,"Kiischpelt"
"279","2012","Koerich",109,631319.5963,3597.561,"Koerich"
"280","2012","Kopstal",120,1000276.858,4547.332,"Kopstal"
"281","2012","Lac de la Haute-Sûre",128,401898.4375,2445.927,"Lac de la Haute-Sûre"
"282","2012","Larochette",62,483661.2903,3005.529,"Larochette"
"283","2012","Lenningen",91,665769.1868,3468.948,"Lenningen"
"284","2012","Leudelange",60,807528,4038.239,"Leudelange"
"285","2012","Lintgen",31,629626.2258,3476.657,"Lintgen"
"286","2012","Lorentzweiler",57,634011.9298,3643.931,"Lorentzweiler"
"287","2012","Luxembourg",739,814135.134,4546.837,"Luxembourg"
"288","2012","Mamer",123,836521.0325,4387.823,"Mamer"
"289","2012","Manternach",57,607701.7544,3350.789,"Manternach"
"290","2012","Mersch",286,559169.3706,3692.633,"Mersch"
"291","2012","Mertert",119,535400.3361,2885.074,"Mertert"
"292","2012","Mertzig",294,569735.6735,3585.566,"Mertzig"
"293","2012","Mompach",113,492496.2212,3063.488,"Mompach"
"294","2012","Mondercange",119,698692.8235,3847.791,"Mondercange"
"295","2012","Mondorf-les-Bains",52,698817.3077,3571.26,"Mondorf-les-Bains"
"296","2012","Niederanven",91,926584.7912,4333.928,"Niederanven"
"297","2012","Nommern",68,668418.5882,3825.795,"Nommern"
"298","2012","Parc Hosingen",175,452973.0057,2844,"Parc Hosingen"
"299","2012","Petange",520,423019.9712,2790.512,"Pétange"
"300","2012","Préizerdaul",103,487023.301,3050.483,"Préizerdaul"
"301","2012","Putscheid",23,NA,NA,"Putscheid"
"302","2012","Rambrouch",144,477152.3264,2893.071,"Rambrouch"
"303","2012","Reckange-sur-Mess",52,664946.9423,4036.935,"Reckange-sur-Mess"
"304","2012","Redange-sur-Attert",97,548589.0206,3132.9,"Redange-sur-Attert"
"305","2012","Reisdorf",40,446664.5,2543.075,"Reisdorf"
"306","2012","Remich",74,601718.6757,3244.018,"Remich"
"307","2012","Roeser",200,755225.88,3659.742,"Roeser"
"308","2012","Rosport",122,515743.7623,2778.422,"Rosport"
"309","2012","Rumelange",114,417421.0526,2512.246,"Rumelange"
"310","2012","Saeul",10,NA,NA,"Saeul"
"311","2012","Sandweiler",48,797085.375,4156.81,"Sandweiler"
"312","2012","Sanem",510,545779.7412,3275.519,"Sanem"
"313","2012","Schengen",99,631731.9293,3359.628,"Schengen"
"314","2012","Schieren",41,656252.4878,3540.25,"Schieren"
"315","2012","Schifflange",173,466166.474,3015.004,"Schifflange"
"316","2012","Schuttrange",153,931766.9542,4836.194,"Schuttrange"
"317","2012","Septfontaines",15,NA,NA,"Septfontaines"
"318","2012","Stadtbredimus",50,703222.3,3415.962,"Stadtbredimus"
"319","2012","Steinfort",103,723142.1165,3720.089,"Steinfort"
"320","2012","Steinsel",150,844777.5533,4328.485,"Steinsel"
"321","2012","Strassen",116,886212.8966,4887.734,"Strassen"
"322","2012","Tandel",51,475616.7647,2927.715,"Tandel"
"323","2012","Troisvierges",56,450639.9107,2838.74,"Troisvierges"
"324","2012","Tuntange",64,556550.7813,3131.823,"Tuntange"
"325","2012","Useldange",85,531399.8471,2933.432,"Useldange"
"326","2012","Vallée de l'Ernz",157,535449.5032,3116.596,"Vallée de l'Ernz"
"327","2012","Vianden",92,518509.9783,3173.153,"Vianden"
"328","2012","Vichten",192,581747.6146,3632.863,"Vichten"
"329","2012","Wahl",60,491184.0167,3165.042,"Wahl"
"330","2012","Waldbillig",170,584200.4353,3115.016,"Waldbillig"
"331","2012","Waldbredimus",21,NA,NA,"Waldbredimus"
"332","2012","Walferdange",100,948476.49,4381.596,"Walferdange"
"333","2012","Weiler-la-Tour",145,754645.1379,3920.884,"Weiler-la-Tour"
"334","2012","Weiswampach",42,463762.2857,2774.608,"Weiswampach"
"335","2012","Wiltz",331,365383.9637,2287.289,"Wiltz"
"336","2012","Wincrange",205,438810.0537,2640.313,"Wincrange"
"337","2012","Winseler",78,449947.4872,2686.02,"Winseler"
"338","2012","Wormeldange",118,575447.0932,3333.804,"Wormeldange"
"339","2013","Beaufort",92,501089.108695652,3090.73266239436,"Beaufort"
"340","2013","Bech",27,NA,NA,"Bech"
"341","2013","Beckerich",135,632231.096296296,3602.22103297682,"Beckerich"
"342","2013","Berdorf",33,560539.03030303,3454.71614892816,"Berdorf"
"343","2013","Bertrange",124,1011797.86290323,4984.51703729272,"Bertrange"
"344","2013","Bettembourg",167,611864.371257485,3636.73391615566,"Bettembourg"
"345","2013","Bettendorf",75,579850.8,2974.83434819339,"Bettendorf"
"346","2013","Betzdorf",103,774174.563106796,3858.9690043197,"Betzdorf"
"347","2013","Bissen",44,583113.636363636,3605.0345544974,"Bissen"
"348","2013","Biwer",105,709993.59047619,3891.47817681054,"Biwer"
"349","2013","Boevange-sur-Attert",34,691289.705882353,3382.8231371317,"Boevange-sur-Attert"
"350","2013","Boulaide",114,468039.122807018,2756.44138333696,"Boulaide"
"351","2013","Bourscheid",38,551145.552631579,3010.39435525449,"Bourscheid"
"352","2013","Bous",33,593965.878787879,3526.28643308732,"Bous"
"353","2013","Clervaux",256,483867.375,2907.82337391488,"Clervaux"
"354","2013","Colmar-Berg",28,NA,NA,"Colmar-Berg"
"355","2013","Consdorf",38,645333.5,3456.88824622433,"Consdorf"
"356","2013","Contern",50,934984,4280.19896403462,"Contern"
"357","2013","Dalheim",60,648910.383333333,3489.63692681419,"Dalheim"
"358","2013","Diekirch",118,559607.406779661,3188.63344408374,"Diekirch"
"359","2013","Differdange",503,464928.382962227,2907.49748499132,"Differdange"
"360","2013","Dippach",105,765266.723809524,4073.59729959298,"Dippach"
"361","2013","Dudelange",359,553892.883008357,3308.79943537053,"Dudelange"
"362","2013","Echternach",113,675189.876106195,3918.41530708376,"Echternach"
"363","2013","Ell",86,562718.197674419,3205.61842452844,"Ell"
"364","2013","Erpeldange",133,610638.360902256,4042.54282892945,"Erpeldange"
"365","2013","Esch-sur-Alzette",596,516905.932885906,3072.24413168722,"Esch-sur-Alzette"
"366","2013","Esch-sur-Sûre",96,486155.510416667,2905.93911976355,"Esch-sur-Sûre"
"367","2013","Eschweiler",69,458188.463768116,2550.74375087615,"Eschweiler"
"368","2013","Ettelbruck",224,585816.138392857,3419.44023346767,"Ettelbruck"
"369","2013","Feulen",63,588143.047619048,3029.28443335561,"Feulen"
"370","2013","Fischbach",49,608899.292653061,3739.39055219974,"Fischbach"
"371","2013","Flaxweiler",75,723106.093333333,3635.11016185798,"Flaxweiler"
"372","2013","Frisange",126,813154.698412698,4111.2683500583,"Frisange"
"373","2013","Garnich",59,766843.966101695,4095.71768097597,"Garnich"
"374","2013","Goesdorf",74,418049.945945946,2717.74907626621,"Goesdorf"
"375","2013","Grevenmacher",150,581542.293333333,3398.87521462999,"Grevenmacher"
"376","2013","Grosbous",99,558455.858585859,3322.7468843878,"Grosbous"
"377","2013","Heffingen",94,646301.436170213,3540.96707577367,"Heffingen"
"378","2013","Hesperange",160,892235.625,4245.7662738516,"Hesperange"
"379","2013","Hobscheid",196,590505.265306122,3570.82249260084,"Hobscheid"
"380","2013","Junglinster",256,791494.30859375,4481.19755262842,"Junglinster"
"381","2013","Kaerjeng",339,685005.867256637,4127.66929766299,"Kaerjeng"
"382","2013","Kayl",181,487696.276243094,3054.78912532419,"Kayl"
"383","2013","Kehlen",158,851387.727848101,4004.90808394401,"Kehlen"
"384","2013","Kiischpelt",46,417595.217391304,2689.72095471288,"Kiischpelt"
"385","2013","Koerich",87,671615.425287356,3619.7156500742,"Koerich"
"386","2013","Kopstal",193,984481.129533679,5093.23971517502,"Kopstal"
"387","2013","Lac de la Haute-Sûre",75,403540,2628.03511688614,"Lac de la Haute-Sûre"
"388","2013","Larochette",54,525407.407407407,3180.19894923804,"Larochette"
"389","2013","Lenningen",48,698279.270833333,3838.38006744286,"Lenningen"
"390","2013","Leudelange",50,867942.1,4770.42299784425,"Leudelange"
"391","2013","Lintgen",31,620800,3261.98037168389,"Lintgen"
"392","2013","Lorentzweiler",44,710027.977272727,3571.35522378017,"Lorentzweiler"
"393","2013","Luxembourg",669,977310.713004484,4968.40990256818,"Luxembourg"
"394","2013","Mamer",183,884917.153005464,5026.75989868911,"Mamer"
"395","2013","Manternach",91,582716.197802198,3296.84847139023,"Manternach"
"396","2013","Mersch",311,639010.887459807,3730.71892102002,"Mersch"
"397","2013","Mertert",109,546902.403669725,3092.829168116,"Mertert"
"398","2013","Mertzig",180,590085.922222222,3559.76426505449,"Mertzig"
"399","2013","Mompach",56,478862.642857143,2739.49880653982,"Mompach"
"400","2013","Mondercange",138,719440.166666667,3769.52377595875,"Mondercange"
"401","2013","Mondorf-les-Bains",72,729256.944444445,3684.73256397992,"Mondorf-les-Bains"
"402","2013","Niederanven",131,1131560.40458015,4903.0689148302,"Niederanven"
"403","2013","Nommern",47,633205.106382979,3775.82943056329,"Nommern"
"404","2013","Parc Hosingen",158,453107.696202532,2874.28654144499,"Parc Hosingen"
"405","2013","Petange",421,481914.964370546,2947.58027572435,"Pétange"
"406","2013","Préizerdaul",20,NA,NA,"Préizerdaul"
"407","2013","Putscheid",30,517165.8,2979.20196875809,"Putscheid"
"408","2013","Rambrouch",163,564467.26993865,2946.11783375652,"Rambrouch"
"409","2013","Reckange-sur-Mess",134,713355.97761194,4662.0695794307,"Reckange-sur-Mess"
"410","2013","Redange-sur-Attert",107,552845.485981308,3364.44168943177,"Redange-sur-Attert"
"411","2013","Reisdorf",26,NA,NA,"Reisdorf"
"412","2013","Remich",110,606443.890909091,2971.799219673,"Remich"
"413","2013","Roeser",188,783831.563829787,3923.41313871981,"Roeser"
"414","2013","Rosport",115,491352.930434783,2690.78958973076,"Rosport"
"415","2013","Rumelange",118,451500,2776.44087481959,"Rumelange"
"416","2013","Saeul",26,NA,NA,"Saeul"
"417","2013","Sandweiler",42,859307.619047619,4218.69624421348,"Sandweiler"
"418","2013","Sanem",374,612238.101604278,3517.36318956831,"Sanem"
"419","2013","Schengen",96,764796.510416667,3387.47563883507,"Schengen"
"420","2013","Schieren",73,605575.589041096,3424.5716762687,"Schieren"
"421","2013","Schifflange",243,489681.481481481,3113.43420884374,"Schifflange"
"422","2013","Schuttrange",156,998458.58974359,4765.86423217486,"Schuttrange"
"423","2013","Septfontaines",22,NA,NA,"Septfontaines"
"424","2013","Stadtbredimus",30,711550.766666667,3643.67263555615,"Stadtbredimus"
"425","2013","Steinfort",92,660500.010869565,3530.7163400534,"Steinfort"
"426","2013","Steinsel",82,925564.792682927,4458.60752361524,"Steinsel"
"427","2013","Strassen",97,1031807.69072165,5340.56946682427,"Strassen"
"428","2013","Tandel",46,420861.739130435,2649.97824980654,"Tandel"
"429","2013","Troisvierges",76,465273.631578947,2657.11747121875,"Troisvierges"
"430","2013","Tuntange",43,634560.744186047,3345.94863452242,"Tuntange"
"431","2013","Useldange",78,576965.346153846,3117.24126259208,"Useldange"
"432","2013","Vallée de l'Ernz",116,518725.396551724,3134.04255403162,"Vallée de l'Ernz"
"433","2013","Vianden",67,524726.970149254,3151.41107094772,"Vianden"
"434","2013","Vichten",198,586444.611111111,3804.72509031454,"Vichten"
"435","2013","Wahl",25,NA,NA,"Wahl"
"436","2013","Waldbillig",178,576610.5,3295.74148663282,"Waldbillig"
"437","2013","Waldbredimus",38,652906.5,3564.92315440188,"Waldbredimus"
"438","2013","Walferdange",117,953905.982905983,4694.20634180523,"Walferdange"
"439","2013","Weiler-la-Tour",116,811517.913793103,4233.00075642539,"Weiler-la-Tour"
"440","2013","Weiswampach",49,419793.224489796,2829.78795272749,"Weiswampach"
"441","2013","Wiltz",224,389888.540178571,2414.61546450976,"Wiltz"
"442","2013","Wincrange",183,507850.409836066,2760.97284102367,"Wincrange"
"443","2013","Winseler",82,486993.902439024,2671.67993366481,"Winseler"
"444","2013","Wormeldange",87,722564.91954023,3392.82408479912,"Wormeldange"
"445","2014","Beaufort",70,493067.685714286,3053.48117610607,"Beaufort"
"446","2014","Bech",20,NA,NA,"Bech"
"447","2014","Beckerich",82,596634.134146341,3144.50138040522,"Beckerich"
"448","2014","Berdorf",23,NA,NA,"Berdorf"
"449","2014","Bertrange",77,1003118.98701299,4979.77195244304,"Bertrange"
"450","2014","Bettembourg",103,629249.029126214,3679.39927536885,"Bettembourg"
"451","2014","Bettendorf",86,580987.209302326,3092.36967131609,"Bettendorf"
"452","2014","Betzdorf",92,758840.5,4016.22924302637,"Betzdorf"
"453","2014","Bissen",48,539104.166666667,3336.58531113558,"Bissen"
"454","2014","Biwer",80,775079.8125,3916.86710596642,"Biwer"
"455","2014","Boevange-sur-Attert",34,667093.264705882,3547.61595328963,"Boevange-sur-Attert"
"456","2014","Boulaide",75,468327.6,2538.878056763,"Boulaide"
"457","2014","Bourscheid",24,NA,NA,"Bourscheid"
"458","2014","Bous",27,NA,NA,"Bous"
"459","2014","Clervaux",178,499386.764044944,2983.32338949011,"Clervaux"
"460","2014","Colmar-Berg",34,497497.058823529,3395.0261495697,"Colmar-Berg"
"461","2014","Consdorf",34,618608.235294118,3301.8291629853,"Consdorf"
"462","2014","Contern",30,901956.666666667,4354.64677189377,"Contern"
"463","2014","Dalheim",41,642134.268292683,3619.27938212628,"Dalheim"
"464","2014","Diekirch",85,576412,3082.878328439,"Diekirch"
"465","2014","Differdange",344,481404.549418605,2976.89973809142,"Differdange"
"466","2014","Dippach",51,769862.254901961,3944.81175144453,"Dippach"
"467","2014","Dudelange",336,566328.693452381,3351.43558399779,"Dudelange"
"468","2014","Echternach",90,692268.311111111,4006.50229439403,"Echternach"
"469","2014","Ell",40,603267.975,3532.14436558996,"Ell"
"470","2014","Erpeldange",126,639921.984126984,4319.17871245304,"Erpeldange"
"471","2014","Esch-sur-Alzette",437,538139.784897025,3132.70043982996,"Esch-sur-Alzette"
"472","2014","Esch-sur-Sûre",78,520988.91025641,2964.9272144491,"Esch-sur-Sûre"
"473","2014","Eschweiler",61,466775.754098361,2643.76612216258,"Eschweiler"
"474","2014","Ettelbruck",185,652028.45945946,3716.43452901425,"Ettelbruck"
"475","2014","Feulen",37,550829.783783784,3234.15153235332,"Feulen"
"476","2014","Fischbach",33,661519.151515151,3866.05690712598,"Fischbach"
"477","2014","Flaxweiler",50,803778.18,3844.51003500581,"Flaxweiler"
"478","2014","Frisange",117,815108.196581197,3984.62429655621,"Frisange"
"479","2014","Garnich",50,782588.36,4154.53012393479,"Garnich"
"480","2014","Goesdorf",58,457036.896551724,2831.20351513555,"Goesdorf"
"481","2014","Grevenmacher",88,599228.193181818,3368.91615843225,"Grevenmacher"
"482","2014","Grosbous",69,528700,3320.53717755492,"Grosbous"
"483","2014","Heffingen",59,598454.813559322,3443.59500893822,"Heffingen"
"484","2014","Hesperange",168,817821.726190476,4248.73158380002,"Hesperange"
"485","2014","Hobscheid",127,600412.826771654,3511.52413645108,"Hobscheid"
"486","2014","Junglinster",186,789609.822580645,4583.32904046146,"Junglinster"
"487","2014","Kaerjeng",230,722727.930434783,4161.90723734341,"Kaerjeng"
"488","2014","Kayl",115,499995.87826087,3143.30111643257,"Kayl"
"489","2014","Kehlen",118,831364.186440678,4375.74645347292,"Kehlen"
"490","2014","Kiischpelt",42,443659.523809524,2635.2584329251,"Kiischpelt"
"491","2014","Koerich",74,800921.932432432,3938.77564607765,"Koerich"
"492","2014","Kopstal",127,1027088.91338583,5106.79935622635,"Kopstal"
"493","2014","Lac de la Haute-Sûre",44,444920.454545454,2676.18485543749,"Lac de la Haute-Sûre"
"494","2014","Larochette",43,490581.395348837,2871.48546422727,"Larochette"
"495","2014","Lenningen",18,NA,NA,"Lenningen"
"496","2014","Leudelange",50,983570.7,5053.45343069354,"Leudelange"
"497","2014","Lintgen",29,NA,NA,"Lintgen"
"498","2014","Lorentzweiler",53,676499.981132075,3774.47231545448,"Lorentzweiler"
"499","2014","Luxembourg",521,961777.827255278,5037.21192350781,"Luxembourg"
"500","2014","Mamer",117,1007857.60683761,4840.68227970863,"Mamer"
"501","2014","Manternach",66,553158.818181818,3187.050697505,"Manternach"
"502","2014","Mersch",238,711619.302521008,3823.11221896265,"Mersch"
"503","2014","Mertert",62,538245.322580645,3151.89572325153,"Mertert"
"504","2014","Mertzig",126,616881.166666667,3808.34646060906,"Mertzig"
"505","2014","Mompach",32,487718.75,2690.8995863202,"Mompach"
"506","2014","Mondercange",87,721246.942528736,4060.94288903305,"Mondercange"
"507","2014","Mondorf-les-Bains",56,765250,3553.06956514749,"Mondorf-les-Bains"
"508","2014","Niederanven",151,1132974.21192053,4958.96547542551,"Niederanven"
"509","2014","Nommern",31,596433.612903226,3470.83670814879,"Nommern"
"510","2014","Parc Hosingen",123,452797.12195122,2952.28573541219,"Parc Hosingen"
"511","2014","Petange",333,510240.15015015,3097.64187860461,"Pétange"
"512","2014","Préizerdaul",24,NA,NA,"Préizerdaul"
"513","2014","Putscheid",16,NA,NA,"Putscheid"
"514","2014","Rambrouch",137,635064.635036496,3021.47875624429,"Rambrouch"
"515","2014","Reckange-sur-Mess",65,754104.215384615,4309.20825469159,"Reckange-sur-Mess"
"516","2014","Redange-sur-Attert",77,530931.350649351,3309.53450858824,"Redange-sur-Attert"
"517","2014","Reisdorf",24,NA,NA,"Reisdorf"
"518","2014","Remich",97,592397.93814433,2938.58144031298,"Remich"
"519","2014","Roeser",108,764277.777777778,4288.6353017065,"Roeser"
"520","2014","Rosport",56,566249.285714286,2913.82989259659,"Rosport"
"521","2014","Rumelange",94,474297.872340425,2770.71253136567,"Rumelange"
"522","2014","Saeul",32,667703.65625,3309.92440697543,"Saeul"
"523","2014","Sandweiler",29,NA,NA,"Sandweiler"
"524","2014","Sanem",274,612404.02919708,3526.17414274412,"Sanem"
"525","2014","Schengen",77,762246.753246753,3495.96233806057,"Schengen"
"526","2014","Schieren",71,608551.915492958,3535.64285037849,"Schieren"
"527","2014","Schifflange",142,492976.056338028,3229.43929991744,"Schifflange"
"528","2014","Schuttrange",104,1059116.30769231,4949.77878704039,"Schuttrange"
"529","2014","Septfontaines",20,NA,NA,"Septfontaines"
"530","2014","Stadtbredimus",36,608107.222222222,3548.69749964595,"Stadtbredimus"
"531","2014","Steinfort",114,649680,3644.46832613715,"Steinfort"
"532","2014","Steinsel",71,1021585.92957746,4577.21754390126,"Steinsel"
"533","2014","Strassen",60,1115055.88333333,5368.55506791301,"Strassen"
"534","2014","Tandel",33,494810.212121212,2738.03934754921,"Tandel"
"535","2014","Troisvierges",65,446082.4,2710.27894706558,"Troisvierges"
"536","2014","Tuntange",37,761637.297297297,3458.03768402182,"Tuntange"
"537","2014","Useldange",66,571101.378787879,3314.17617531447,"Useldange"
"538","2014","Vallée de l'Ernz",102,573077.294117647,3416.37798940378,"Vallée de l'Ernz"
"539","2014","Vianden",39,488167.487179487,2874.91987942173,"Vianden"
"540","2014","Vichten",118,595194.483050847,3589.05497791335,"Vichten"
"541","2014","Wahl",22,NA,NA,"Wahl"
"542","2014","Waldbillig",129,604859.302325581,3383.56885373039,"Waldbillig"
"543","2014","Waldbredimus",34,724741.676470588,3475.46092973276,"Waldbredimus"
"544","2014","Walferdange",71,1139690.12676056,4896.42249450797,"Walferdange"
"545","2014","Weiler-la-Tour",59,831962.79661017,4510.17378299658,"Weiler-la-Tour"
"546","2014","Weiswampach",42,440049.142857143,2875.18930195397,"Weiswampach"
"547","2014","Wiltz",163,414439.466257669,2394.13014990516,"Wiltz"
"548","2014","Wincrange",114,478457.192982456,2707.88358478558,"Wincrange"
"549","2014","Winseler",42,486131.571428571,2707.73296123355,"Winseler"
"550","2014","Wormeldange",69,673361.463768116,3394.28171872624,"Wormeldange"
"551","2015","Beaufort",116,528418.25862069,3272.59747987958,"Beaufort"
"552","2015","Bech",21,NA,NA,"Bech"
"553","2015","Beckerich",70,724510.342857143,3808.19580583451,"Beckerich"
"554","2015","Berdorf",52,652922.269230769,3716.01473858065,"Berdorf"
"555","2015","Bertrange",49,1230921.3877551,5282.37251465725,"Bertrange"
"556","2015","Bettembourg",135,739958.814814815,3957.35208285781,"Bettembourg"
"557","2015","Bettendorf",88,620074.147727273,3393.6938364467,"Bettendorf"
"558","2015","Betzdorf",141,779012.588652482,4325.14272672351,"Betzdorf"
"559","2015","Bissen",132,688033.378787879,4636.57525625482,"Bissen"
"560","2015","Biwer",37,720680.459459459,3785.9442240042,"Biwer"
"561","2015","Boevange-sur-Attert",40,679015.775,3621.63192145096,"Boevange-sur-Attert"
"562","2015","Boulaide",95,476651.631578947,2620.29843801078,"Boulaide"
"563","2015","Bourscheid",40,738983.5,3941.22185748307,"Bourscheid"
"564","2015","Bous",22,NA,NA,"Bous"
"565","2015","Clervaux",138,541240.34057971,3110.73324435087,"Clervaux"
"566","2015","Colmar-Berg",21,NA,NA,"Colmar-Berg"
"567","2015","Consdorf",45,572338.933333333,3280.54834869595,"Consdorf"
"568","2015","Contern",17,NA,NA,"Contern"
"569","2015","Dalheim",52,650872.673076923,3367.78317206134,"Dalheim"
"570","2015","Diekirch",66,607502.121212121,3406.6736556252,"Diekirch"
"571","2015","Differdange",340,508158.485294118,3068.62679709016,"Differdange"
"572","2015","Dippach",60,882252.066666667,4312.49088441391,"Dippach"
"573","2015","Dudelange",179,604369.162011173,3588.00215464024,"Dudelange"
"574","2015","Echternach",57,821313.50877193,3983.994904242,"Echternach"
"575","2015","Ell",41,714077.365853659,3843.56876809846,"Ell"
"576","2015","Erpeldange",132,610447.575757576,4076.44401018095,"Erpeldange"
"577","2015","Esch-sur-Alzette",360,589910.691666667,3301.69671033722,"Esch-sur-Alzette"
"578","2015","Esch-sur-Sûre",91,501614.912087912,2906.80787234551,"Esch-sur-Sûre"
"579","2015","Ettelbruck",225,669779.706666667,3744.03924567791,"Ettelbruck"
"580","2015","Feulen",29,NA,NA,"Feulen"
"581","2015","Fischbach",63,696642.809523809,4381.29628285729,"Fischbach"
"582","2015","Flaxweiler",51,673389.745098039,3893.28067432014,"Flaxweiler"
"583","2015","Frisange",81,925998.382716049,4255.57011442883,"Frisange"
"584","2015","Garnich",41,908713.268292683,4338.69700093306,"Garnich"
"585","2015","Goesdorf",63,490922.53968254,2669.9762784132,"Goesdorf"
"586","2015","Grevenmacher",82,615183.195121951,3351.11588358074,"Grevenmacher"
"587","2015","Grosbous",44,573365.454545455,3755.63901719892,"Grosbous"
"588","2015","Heffingen",56,713252.785714286,3816.34467066842,"Heffingen"
"589","2015","Hesperange",107,887734.411214953,4500.83917030347,"Hesperange"
"590","2015","Hobscheid",90,721106.855555556,3940.38344181995,"Hobscheid"
"591","2015","Junglinster",242,885577.466942149,5002.51175444757,"Junglinster"
"592","2015","Kaerjeng",178,771771.893258427,4405.90879452497,"Kaerjeng"
"593","2015","Kayl",103,587473.436893204,3318.57427744394,"Kayl"
"594","2015","Kehlen",206,929765.189320388,4806.3312046005,"Kehlen"
"595","2015","Kiischpelt",46,624448.173913043,3354.18058701767,"Kiischpelt"
"596","2015","Koerich",44,863675.318181818,3471.42663098614,"Koerich"
"597","2015","Kopstal",91,1095041.04395604,5180.04208615394,"Kopstal"
"598","2015","Lac de la Haute-Sûre",83,461801.975903614,2736.94869883903,"Lac de la Haute-Sûre"
"599","2015","Larochette",52,551690.384615385,2898.03730284548,"Larochette"
"600","2015","Lenningen",49,723861.571428571,4114.26766290095,"Lenningen"
"601","2015","Leudelange",32,1076913.0625,4688.73296564866,"Leudelange"
"602","2015","Lintgen",32,708136,3831.0408027544,"Lintgen"
"603","2015","Lorentzweiler",142,846087.549295775,4873.82269416271,"Lorentzweiler"
"604","2015","Luxembourg",412,1018694.5461165,5561.18032117137,"Luxembourg"
"605","2015","Mamer",152,1096910.30263158,4955.69730281894,"Mamer"
"606","2015","Manternach",86,707704.069767442,3625.5271831762,"Manternach"
"607","2015","Mersch",167,778043.898203593,4207.28745441307,"Mersch"
"608","2015","Mertert",61,646430.475409836,3767.05317673588,"Mertert"
"609","2015","Mertzig",100,646808.36,3881.69188976676,"Mertzig"
"610","2015","Mompach",16,NA,NA,"Mompach"
"611","2015","Mondercange",84,979526.916666667,3987.00350560963,"Mondercange"
"612","2015","Mondorf-les-Bains",43,809744.186046512,3402.48908954837,"Mondorf-les-Bains"
"613","2015","Niederanven",227,1158761.43171806,5466.75336718181,"Niederanven"
"614","2015","Nommern",19,NA,NA,"Nommern"
"615","2015","Parc Hosingen",118,606983.144067797,3610.01282115069,"Parc Hosingen"
"616","2015","Petange",267,552682.561797753,3267.59045417629,"Pétange"
"617","2015","Préizerdaul",30,708183.166666667,4022.91881596418,"Préizerdaul"
"618","2015","Putscheid",15,NA,NA,"Putscheid"
"619","2015","Rambrouch",196,559665.923469388,2931.30986272672,"Rambrouch"
"620","2015","Reckange-sur-Mess",44,754191.045454545,4092.95911473765,"Reckange-sur-Mess"
"621","2015","Redange-sur-Attert",79,653426.455696203,3486.15537301941,"Redange-sur-Attert"
"622","2015","Reisdorf",39,568162.820512821,3335.93931478253,"Reisdorf"
"623","2015","Remich",69,544602.898550725,2902.86328782861,"Remich"
"624","2015","Roeser",65,753030.769230769,4567.24961070576,"Roeser"
"625","2015","Rosport",37,624862.27027027,3388.66756505229,"Rosport"
"626","2015","Rumelange",70,513963.585714286,3146.79820197426,"Rumelange"
"627","2015","Saeul",75,682221.333333333,3599.66469789273,"Saeul"
"628","2015","Sandweiler",25,NA,NA,"Sandweiler"
"629","2015","Sanem",278,679937.532374101,3717.18667913784,"Sanem"
"630","2015","Schengen",88,720738.636363636,3576.57311420689,"Schengen"
"631","2015","Schieren",28,NA,NA,"Schieren"
"632","2015","Schifflange",76,492473.684210526,3198.06246161601,"Schifflange"
"633","2015","Schuttrange",76,1039450.17105263,5168.7676991473,"Schuttrange"
"634","2015","Septfontaines",33,810066.787878788,3642.65844156199,"Septfontaines"
"635","2015","Stadtbredimus",35,603730.285714286,3506.2103462894,"Stadtbredimus"
"636","2015","Steinfort",102,794764.882352941,4317.25976130169,"Steinfort"
"637","2015","Steinsel",102,1019605.98039216,4847.0233934014,"Steinsel"
"638","2015","Strassen",106,1164751.8490566,5832.24680371755,"Strassen"
"639","2015","Tandel",17,NA,NA,"Tandel"
"640","2015","Troisvierges",75,492321.413333333,2756.70549959379,"Troisvierges"
"641","2015","Tuntange",143,703156.370629371,4562.90662911553,"Tuntange"
"642","2015","Useldange",92,594285.847826087,3303.89271713776,"Useldange"
"643","2015","Vallée de l'Ernz",82,624089.463414634,3369.91374205279,"Vallée de l'Ernz"
"644","2015","Vianden",62,520764.5,3605.3263065929,"Vianden"
"645","2015","Vichten",117,733996.991452992,3973.50005475747,"Vichten"
"646","2015","Wahl",35,606121.885714286,3596.44869397674,"Wahl"
"647","2015","Waldbillig",50,702777.2,4141.36007077672,"Waldbillig"
"648","2015","Waldbredimus",134,850885.111940298,5108.51554073951,"Waldbredimus"
"649","2015","Walferdange",80,972567.55,4558.50733232626,"Walferdange"
"650","2015","Weiler-la-Tour",64,860328.390625,4703.87226252111,"Weiler-la-Tour"
"651","2015","Weiswampach",28,NA,NA,"Weiswampach"
"652","2015","Wiltz",181,466546.82320442,2660.76111083005,"Wiltz"
"653","2015","Wincrange",107,455996.224299065,2885.70665737548,"Wincrange"
"654","2015","Winseler",25,NA,NA,"Winseler"
"655","2015","Wormeldange",49,692968.265306122,3539.65120026985,"Wormeldange"
"656","2016","Beaufort",89,521168.741573034,3266.0778742657,"Beaufort"
"657","2016","Bech",22,NA,NA,"Bech"
"658","2016","Beckerich",75,698367.76,3824.94086483471,"Beckerich"
"659","2016","Berdorf",48,610455.041666667,3473.14766709562,"Berdorf"
"660","2016","Bertrange",50,1206385.6,5796.93646122682,"Bertrange"
"661","2016","Bettembourg",97,738053.24742268,4115.37087024766,"Bettembourg"
"662","2016","Bettendorf",99,632530.292929293,3263.10169187541,"Bettendorf"
"663","2016","Betzdorf",42,806139.690476191,4506.85672554775,"Betzdorf"
"664","2016","Bissen",163,732063.834355829,4886.69479755715,"Bissen"
"665","2016","Biwer",35,853927.142857143,4189.05595808242,"Biwer"
"666","2016","Boevange-sur-Attert",33,873848.636363636,4141.65007360435,"Boevange-sur-Attert"
"667","2016","Boulaide",115,528758.104347826,2963.77059934992,"Boulaide"
"668","2016","Bourscheid",36,721815.722222222,3894.26420481848,"Bourscheid"
"669","2016","Bous",21,NA,NA,"Bous"
"670","2016","Clervaux",160,612099.76875,3185.32145059989,"Clervaux"
"671","2016","Colmar-Berg",22,NA,NA,"Colmar-Berg"
"672","2016","Consdorf",41,649789.365853659,4106.5626923613,"Consdorf"
"673","2016","Contern",122,1027948.58196721,5536.75015615646,"Contern"
"674","2016","Dalheim",48,632839.458333333,3882.67454556108,"Dalheim"
"675","2016","Diekirch",70,559271.428571429,3414.76271778449,"Diekirch"
"676","2016","Differdange",318,563777.009433962,3416.72432895809,"Differdange"
"677","2016","Dippach",66,987930.287878788,4878.20518572367,"Dippach"
"678","2016","Dudelange",251,687628.948207171,3967.35342800447,"Dudelange"
"679","2016","Echternach",44,754347.045454546,3705.1858592111,"Echternach"
"680","2016","Ell",46,760301.108695652,3923.56735125278,"Ell"
"681","2016","Erpeldange",79,615468.962025316,4123.73162147552,"Erpeldange"
"682","2016","Esch-sur-Alzette",369,640008.514905148,3510.22609896752,"Esch-sur-Alzette"
"683","2016","Esch-sur-Sûre",88,654725.727272727,3471.81115310408,"Esch-sur-Sûre"
"684","2016","Ettelbruck",231,640357.108225108,3921.56475069471,"Ettelbruck"
"685","2016","Feulen",51,694169.607843137,3524.03094934031,"Feulen"
"686","2016","Fischbach",48,774837.5,4591.97551158066,"Fischbach"
"687","2016","Flaxweiler",31,739726.903225806,3863.94882059892,"Flaxweiler"
"688","2016","Frisange",102,912687.254901961,4450.60148385198,"Frisange"
"689","2016","Garnich",47,866940.489361702,4128.49719558787,"Garnich"
"690","2016","Goesdorf",43,630799.069767442,3114.68294224106,"Goesdorf"
"691","2016","Grevenmacher",49,642704.081632653,3362.73791765391,"Grevenmacher"
"692","2016","Grosbous",25,NA,NA,"Grosbous"
"693","2016","Heffingen",71,747519.267605634,3999.31027254446,"Heffingen"
"694","2016","Hesperange",130,980133.438461538,5391.24761342565,"Hesperange"
"695","2016","Hobscheid",138,731911.326086956,4056.1005831861,"Hobscheid"
"696","2016","Junglinster",234,905894.23076923,4924.15183348837,"Junglinster"
"697","2016","Kaerjeng",167,782017.125748503,4343.97940182483,"Kaerjeng"
"698","2016","Kayl",80,637962.5,3681.87133993046,"Kayl"
"699","2016","Kehlen",144,947551.645833333,4638.23134631415,"Kehlen"
"700","2016","Kiischpelt",35,574134.285714286,3111.79215061064,"Kiischpelt"
"701","2016","Koerich",87,810187.344827586,4939.43813655803,"Koerich"
"702","2016","Kopstal",105,1036966.54285714,5029.81856846256,"Kopstal"
"703","2016","Lac de la Haute-Sûre",43,521827.139534884,2921.71531047797,"Lac de la Haute-Sûre"
"704","2016","Larochette",26,NA,NA,"Larochette"
"705","2016","Lenningen",31,838513.935483871,4129.8937757136,"Lenningen"
"706","2016","Leudelange",23,NA,NA,"Leudelange"
"707","2016","Lintgen",56,738678.571428571,4521.54520753811,"Lintgen"
"708","2016","Lorentzweiler",155,822876.916129032,4510.72378369681,"Lorentzweiler"
"709","2016","Luxembourg",312,1100464.71153846,6062.10253500046,"Luxembourg"
"710","2016","Mamer",128,1086167.53125,5512.97674691056,"Mamer"
"711","2016","Manternach",61,725199.868852459,4299.54270758416,"Manternach"
"712","2016","Mersch",196,834210.37244898,4556.07946960112,"Mersch"
"713","2016","Mertert",73,711553.863013699,4101.67857907975,"Mertert"
"714","2016","Mertzig",87,651754.40229885,3924.63977487124,"Mertzig"
"715","2016","Mompach",8,NA,NA,"Mompach"
"716","2016","Mondercange",78,936552.935897436,4669.19011515463,"Mondercange"
"717","2016","Mondorf-les-Bains",77,736052.441558442,3611.35643986897,"Mondorf-les-Bains"
"718","2016","Niederanven",101,1107042.30693069,5336.88810720158,"Niederanven"
"719","2016","Nommern",29,NA,NA,"Nommern"
"720","2016","Parc Hosingen",120,671611.216666667,3842.03524979582,"Parc Hosingen"
"721","2016","Petange",337,539305.468842729,3387.52011771042,"Pétange"
"722","2016","Préizerdaul",22,NA,NA,"Préizerdaul"
"723","2016","Putscheid",14,NA,NA,"Putscheid"
"724","2016","Rambrouch",200,655960.57,3357.10715886141,"Rambrouch"
"725","2016","Reckange-sur-Mess",57,975824.614035088,3996.0431339885,"Reckange-sur-Mess"
"726","2016","Redange-sur-Attert",79,682306.810126582,3714.42050531684,"Redange-sur-Attert"
"727","2016","Reisdorf",16,NA,NA,"Reisdorf"
"728","2016","Remich",67,538665.671641791,2769.30305429987,"Remich"
"729","2016","Roeser",70,757277.128571429,4592.39370551626,"Roeser"
"730","2016","Rosport",40,636538.2,3278.95415907999,"Rosport"
"731","2016","Rumelange",73,549315.068493151,3369.7403642498,"Rumelange"
"732","2016","Saeul",59,713783.93220339,3780.04291643673,"Saeul"
"733","2016","Sandweiler",41,1182890.24390244,5319.74419260108,"Sandweiler"
"734","2016","Sanem",323,708961.594427244,4033.35241196788,"Sanem"
"735","2016","Schengen",98,770204.081632653,3689.68094948371,"Schengen"
"736","2016","Schieren",55,688678.181818182,3911.09480522345,"Schieren"
"737","2016","Schifflange",63,598666.666666667,3648.86235334314,"Schifflange"
"738","2016","Schuttrange",66,1149616.56060606,5124.45304139119,"Schuttrange"
"739","2016","Septfontaines",18,NA,NA,"Septfontaines"
"740","2016","Stadtbredimus",38,681077.105263158,3823.22817795671,"Stadtbredimus"
"741","2016","Steinfort",140,843796.164285714,4108.13422572785,"Steinfort"
"742","2016","Steinsel",91,1108414.32967033,5155.90546471933,"Steinsel"
"743","2016","Strassen",87,1269644.82758621,5716.90994906702,"Strassen"
"744","2016","Tandel",12,NA,NA,"Tandel"
"745","2016","Troisvierges",51,607210.549019608,2831.50378163615,"Troisvierges"
"746","2016","Tuntange",191,735344.947643979,4820.11551245882,"Tuntange"
"747","2016","Useldange",85,636262.741176471,3451.87342348575,"Useldange"
"748","2016","Vallée de l'Ernz",73,659157.671232876,3492.54736250018,"Vallée de l'Ernz"
"749","2016","Vianden",51,483623.215686275,3078.78748093478,"Vianden"
"750","2016","Vichten",85,828080.788235294,4153.51455933801,"Vichten"
"751","2016","Wahl",34,619426.470588235,3523.02394329466,"Wahl"
"752","2016","Waldbillig",38,697840.526315789,3947.31682007172,"Waldbillig"
"753","2016","Waldbredimus",90,905051.533333333,5304.8131595753,"Waldbredimus"
"754","2016","Walferdange",64,1250378.640625,5583.01806632691,"Walferdange"
"755","2016","Weiler-la-Tour",66,951845.257575758,5780.51142144212,"Weiler-la-Tour"
"756","2016","Weiswampach",41,565706.268292683,3275.11154303631,"Weiswampach"
"757","2016","Wiltz",160,524776.9125,2971.75583156758,"Wiltz"
"758","2016","Wincrange",111,447453.612612613,2716.23397046522,"Wincrange"
"759","2016","Winseler",21,NA,NA,"Winseler"
"760","2016","Wormeldange",42,617189.30952381,3166.95800639601,"Wormeldange"
"761","2017","Beaufort",120,557511.35,3515.465597,"Beaufort"
"762","2017","Bech",23,NA,NA,"Bech"
"763","2017","Beckerich",132,685104.7652,4038.39034,"Beckerich"
"764","2017","Berdorf",107,648792.6075,3581.380758,"Berdorf"
"765","2017","Bertrange",159,1364496.855,6588.893682,"Bertrange"
"766","2017","Bettembourg",189,812971.5132,4008.892841,"Bettembourg"
"767","2017","Bettendorf",139,650611.6835,3683.05629,"Bettendorf"
"768","2017","Betzdorf",120,1157714.225,4489.113115,"Betzdorf"
"769","2017","Bissen",95,754828.0737,4889.094577,"Bissen"
"770","2017","Biwer",78,907695.4231,4081.174583,"Biwer"
"771","2017","Boevange-sur-Attert",59,833526.2373,4050.613144,"Boevange-sur-Attert"
"772","2017","Boulaide",219,532818.3927,2906.253977,"Boulaide"
"773","2017","Bourscheid",40,760355.9,3714.243488,"Bourscheid"
"774","2017","Bous",40,737614.6,4000.545825,"Bous"
"775","2017","Clervaux",317,520900.5741,3030.773014,"Clervaux"
"776","2017","Colmar-Berg",48,679350,4094.451578,"Colmar-Berg"
"777","2017","Consdorf",73,663725.5616,4251.11942,"Consdorf"
"778","2017","Contern",91,1013544.637,5390.895058,"Contern"
"779","2017","Dalheim",138,776307.5507,4441.403487,"Dalheim"
"780","2017","Diekirch",59,605937.1864,3563.056442,"Diekirch"
"781","2017","Differdange",602,598553.4884,3651.543378,"Differdange"
"782","2017","Dippach",300,920749.0267,5145.802569,"Dippach"
"783","2017","Dudelange",520,765486.2654,4025.072397,"Dudelange"
"784","2017","Echternach",103,744801.6408,3680.600015,"Echternach"
"785","2017","Ell",115,718937.713,4226.937831,"Ell"
"786","2017","Erpeldange",143,734768.5105,4366.640239,"Erpeldange"
"787","2017","Esch-sur-Alzette",536,681244.1679,3520.794144,"Esch-sur-Alzette"
"788","2017","Esch-sur-Sûre",120,579451.2167,3332.106184,"Esch-sur-Sûre"
"789","2017","Ettelbruck",638,726000.3511,4617.228008,"Ettelbruck"
"790","2017","Feulen",50,704512.6,3682.274197,"Feulen"
"791","2017","Fischbach",23,NA,NA,"Fischbach"
"792","2017","Flaxweiler",47,731393.617,3328.227274,"Flaxweiler"
"793","2017","Frisange",204,900515.1373,4377.794761,"Frisange"
"794","2017","Garnich",79,898240.4177,4713.907292,"Garnich"
"795","2017","Goesdorf",107,501414.3925,3059.874344,"Goesdorf"
"796","2017","Grevenmacher",92,689782.6087,3565.790156,"Grevenmacher"
"797","2017","Grosbous",52,608718.6154,3587.252147,"Grosbous"
"798","2017","Heffingen",91,788950.7473,3687.331699,"Heffingen"
"799","2017","Hesperange",285,1033658.87,5799.597958,"Hesperange"
"800","2017","Hobscheid",185,721276.3784,3720.148695,"Hobscheid"
"801","2017","Junglinster",396,1018113.301,4947.882,"Junglinster"
"802","2017","Kaerjeng",300,810011.51,4311.092161,"Kaerjeng"
"803","2017","Kayl",125,604270.84,3602.983248,"Kayl"
"804","2017","Kehlen",158,1015207.006,4860.084617,"Kehlen"
"805","2017","Kiischpelt",61,573927.082,3142.082906,"Kiischpelt"
"806","2017","Koerich",188,853850.6596,4441.661298,"Koerich"
"807","2017","Kopstal",236,1219742.983,5036.656651,"Kopstal"
"808","2017","Lac de la Haute-Sûre",95,559372.8105,3111.028161,"Lac de la Haute-Sûre"
"809","2017","Larochette",58,763953.4483,3608.640379,"Larochette"
"810","2017","Lenningen",67,850918,3888.423256,"Lenningen"
"811","2017","Leudelange",54,1293566.611,5539.941438,"Leudelange"
"812","2017","Lintgen",41,991461.0976,4569.352381,"Lintgen"
"813","2017","Lorentzweiler",113,973817.0796,4512.481845,"Lorentzweiler"
"814","2017","Luxembourg",546,1382859.02,6824.567201,"Luxembourg"
"815","2017","Mamer",326,1173474.448,5725.289603,"Mamer"
"816","2017","Manternach",158,807337.962,4840.316041,"Manternach"
"817","2017","Mersch",220,866016.7136,4590.000389,"Mersch"
"818","2017","Mertert",109,670351.9083,4190.909259,"Mertert"
"819","2017","Mertzig",104,609483.3558,3591.02995,"Mertzig"
"820","2017","Mompach",24,NA,NA,"Mompach"
"821","2017","Mondercange",116,923167.2328,4378.540908,"Mondercange"
"822","2017","Mondorf-les-Bains",130,898713.4,4084.211083,"Mondorf-les-Bains"
"823","2017","Niederanven",131,1316357.527,5422.223656,"Niederanven"
"824","2017","Nommern",64,819870.8906,5011.420675,"Nommern"
"825","2017","Parc Hosingen",189,607292.4868,3463.022729,"Parc Hosingen"
"826","2017","Petange",530,601762.2792,3635.608806,"Pétange"
"827","2017","Préizerdaul",65,652573.5385,3737.215554,"Préizerdaul"
"828","2017","Putscheid",23,NA,NA,"Putscheid"
"829","2017","Rambrouch",415,769484.0241,3648.070928,"Rambrouch"
"830","2017","Reckange-sur-Mess",114,1135715.974,4471.511832,"Reckange-sur-Mess"
"831","2017","Redange-sur-Attert",202,694041.0495,3775.782189,"Redange-sur-Attert"
"832","2017","Reisdorf",73,739253.0959,4287.056943,"Reisdorf"
"833","2017","Remich",108,621365.7407,3021.805698,"Remich"
"834","2017","Roeser",82,1011522,5163.697324,"Roeser"
"835","2017","Rosport",75,610480,3601.319102,"Rosport"
"836","2017","Rumelange",127,621164.5669,3397.918469,"Rumelange"
"837","2017","Saeul",40,742436.2,3636.583023,"Saeul"
"838","2017","Sandweiler",87,1238734.747,5733.215632,"Sandweiler"
"839","2017","Sanem",555,727400.9694,4107.833606,"Sanem"
"840","2017","Schengen",127,865032.0709,3777.271751,"Schengen"
"841","2017","Schieren",100,682004.53,4278.080767,"Schieren"
"842","2017","Schifflange",113,563811.1504,3786.402285,"Schifflange"
"843","2017","Schuttrange",134,1133312.44,5446.371171,"Schuttrange"
"844","2017","Septfontaines",32,822380.3125,4367.44983,"Septfontaines"
"845","2017","Stadtbredimus",47,795765.9574,4390.126296,"Stadtbredimus"
"846","2017","Steinfort",231,832112.4459,4336.296626,"Steinfort"
"847","2017","Steinsel",114,1094591.228,5316.508759,"Steinsel"
"848","2017","Strassen",124,1593569.702,6384.519856,"Strassen"
"849","2017","Tandel",20,NA,NA,"Tandel"
"850","2017","Troisvierges",148,593994.3378,3199.973711,"Troisvierges"
"851","2017","Tuntange",230,831412.6522,4726.219125,"Tuntange"
"852","2017","Useldange",111,699838.7387,3713.027955,"Useldange"
"853","2017","Vallée de l'Ernz",114,679766.886,3545.029513,"Vallée de l'Ernz"
"854","2017","Vianden",35,468110.0571,3034.093365,"Vianden"
"855","2017","Vichten",106,892373.0189,4220.447771,"Vichten"
"856","2017","Wahl",78,649273.2051,3351.522321,"Wahl"
"857","2017","Waldbillig",70,898333.6143,4382.063827,"Waldbillig"
"858","2017","Waldbredimus",67,976694.0448,5276.057208,"Waldbredimus"
"859","2017","Walferdange",120,1283648.017,6079.789463,"Walferdange"
"860","2017","Weiler-la-Tour",72,1035779.167,5519.555792,"Weiler-la-Tour"
"861","2017","Weiswampach",77,660457.8052,3527.697557,"Weiswampach"
"862","2017","Wiltz",310,532902.2742,2868.341082,"Wiltz"
"863","2017","Wincrange",231,489307.2597,2936.74337,"Wincrange"
"864","2017","Winseler",18,NA,NA,"Winseler"
"865","2017","Wormeldange",183,779345.4426,4764.817029,"Wormeldange"
"866","2018","Beaufort",133,672226.58,3924.57,"Beaufort"
"867","2018","Bech",30,927320,3828.937,"Bech"
"868","2018","Beckerich",130,768339.14,4276.143,"Beckerich"
"869","2018","Berdorf",147,717398.08,3103.617,"Berdorf"
"870","2018","Bertrange",68,1290100.5,6822.143,"Bertrange"
"871","2018","Bettembourg",184,825967.39,4656.744,"Bettembourg"
"872","2018","Bettendorf",90,601957.92,3246.782,"Bettendorf"
"873","2018","Betzdorf",65,1173450.7,4513.678,"Betzdorf"
"874","2018","Bissen",60,722043.48,4625.031,"Bissen"
"875","2018","Biwer",44,850925,4138.02,"Biwer"
"876","2018","Boulaide",100,587951.15,2938.56,"Boulaide"
"877","2018","Bourscheid",60,691616.67,3514.223,"Bourscheid"
"878","2018","Bous",21,NA,NA,"Bous"
"879","2018","Clervaux",305,568021.85,3576.61,"Clervaux"
"880","2018","Colmar-Berg",13,NA,NA,"Colmar-Berg"
"881","2018","Consdorf",14,NA,NA,"Consdorf"
"882","2018","Contern",140,1468599.8,6432.214,"Contern"
"883","2018","Dalheim",212,881909.03,4530.694,"Dalheim"
"884","2018","Diekirch",46,645024.63,3930.124,"Diekirch"
"885","2018","Differdange",573,626460.78,3949.046,"Differdange"
"886","2018","Dippach",182,1253107.3,5048.856,"Dippach"
"887","2018","Dudelange",541,762288.66,4175.894,"Dudelange"
"888","2018","Echternach",56,675474.04,3399.044,"Echternach"
"889","2018","Ell",117,709255.58,3976.122,"Ell"
"890","2018","Erpeldange",44,746115.52,4761.711,"Erpeldange"
"891","2018","Esch-sur-Alzette",401,663460.16,4009.08,"Esch-sur-Alzette"
"892","2018","Esch-sur-Sûre",75,561654.33,3305.662,"Esch-sur-Sûre"
"893","2018","Ettelbruck",504,807564.36,4863.777,"Ettelbruck"
"894","2018","Feulen",44,705886.48,4192.493,"Feulen"
"895","2018","Fischbach",1,NA,NA,"Fischbach"
"896","2018","Flaxweiler",45,999043.87,4860.41,"Flaxweiler"
"897","2018","Frisange",177,738887.09,4036.773,"Frisange"
"898","2018","Garnich",56,968730.36,5072.115,"Garnich"
"899","2018","Goesdorf",61,554586.64,3411.976,"Goesdorf"
"900","2018","Grevenmacher",58,837275.86,4285.758,"Grevenmacher"
"901","2018","Grosbous",52,728492.77,3668.421,"Grosbous"
"902","2018","Habscht",175,740850.15,4280.416,"Habscht"
"903","2018","Heffingen",58,793177.02,4083.793,"Heffingen"
"904","2018","Helperknapp",331,811076.21,4554.365,"Helperknapp"
"905","2018","Hesperange",215,1182209.6,5826.925,"Hesperange"
"906","2018","Junglinster",243,1137425.1,5199.902,"Junglinster"
"907","2018","Kaerjeng",305,832421.26,5040.703,"Kaerjeng"
"908","2018","Kayl",146,663151.68,4002.014,"Kayl"
"909","2018","Kehlen",139,1185304.8,5657.916,"Kehlen"
"910","2018","Kiischpelt",18,NA,NA,"Kiischpelt"
"911","2018","Koerich",78,987733.01,4960.495,"Koerich"
"912","2018","Kopstal",153,1269182.7,5247.93,"Kopstal"
"913","2018","Lac de la Haute-Sûre",94,556183.2,3398.618,"Lac de la Haute-Sûre"
"914","2018","Larochette",24,NA,NA,"Larochette"
"915","2018","Lenningen",54,946826.87,4390.951,"Lenningen"
"916","2018","Leudelange",39,1181530.7,6180.854,"Leudelange"
"917","2018","Lintgen",23,NA,NA,"Lintgen"
"918","2018","Lorentzweiler",100,1084074.6,5409.356,"Lorentzweiler"
"919","2018","Luxembourg",642,1542371.3,7440.534,"Luxembourg"
"920","2018","Mamer",252,1143308.9,5280.203,"Mamer"
"921","2018","Manternach",121,855153.02,4954.187,"Manternach"
"922","2018","Mersch",346,885861.77,5133.559,"Mersch"
"923","2018","Mertert",106,840120.98,4555.353,"Mertert"
"924","2018","Mertzig",107,752808.02,4015.171,"Mertzig"
"925","2018","Mondercange",77,1076988.7,4788.225,"Mondercange"
"926","2018","Mondorf-les-Bains",79,676765.41,3506.102,"Mondorf-les-Bains"
"927","2018","Niederanven",176,1837879.7,6745.681,"Niederanven"
"928","2018","Nommern",13,NA,NA,"Nommern"
"929","2018","Parc Hosingen",90,601844.11,3277.056,"Parc Hosingen"
"930","2018","Petange",495,617228.33,3715.309,"Pétange"
"931","2018","Préizerdaul",135,681439.7,3932.258,"Préizerdaul"
"932","2018","Putscheid",11,NA,NA,"Putscheid"
"933","2018","Rambrouch",284,764336.38,3576.468,"Rambrouch"
"934","2018","Reckange-sur-Mess",48,1035602.1,5245.496,"Reckange-sur-Mess"
"935","2018","Redange-sur-Attert",177,677378.86,3969.763,"Redange-sur-Attert"
"936","2018","Reisdorf",61,577178.69,3743.506,"Reisdorf"
"937","2018","Remich",84,635933.48,3501.769,"Remich"
"938","2018","Roeser",125,1020072.5,5467.166,"Roeser"
"939","2018","Rosport-Mompach",100,704084,3891.418,"Rosport-Mompach"
"940","2018","Rumelange",104,572470,3766.96,"Rumelange"
"941","2018","Saeul",42,801452.79,3901.218,"Saeul"
"942","2018","Sandweiler",205,1154732.9,6294.955,"Sandweiler"
"943","2018","Sanem",405,815328.31,4287.902,"Sanem"
"944","2018","Schengen",80,1005683.1,4208.976,"Schengen"
"945","2018","Schieren",88,737173.5,4599.626,"Schieren"
"946","2018","Schifflange",79,601488.61,4150.198,"Schifflange"
"947","2018","Schuttrange",114,1213018,5264.159,"Schuttrange"
"948","2018","Stadtbredimus",34,728257.35,3768.058,"Stadtbredimus"
"949","2018","Steinfort",269,1088146.9,4813.155,"Steinfort"
"950","2018","Steinsel",70,1446091.7,5261.661,"Steinsel"
"951","2018","Strassen",157,1376319.3,6756.529,"Strassen"
"952","2018","Tandel",0,NA,NA,"Tandel"
"953","2018","Troisvierges",121,591773.66,3196.976,"Troisvierges"
"954","2018","Useldange",140,713068.4,3700.743,"Useldange"
"955","2018","Vallée de l'Ernz",58,700632.16,4032.121,"Vallée de l'Ernz"
"956","2018","Vianden",50,479040,3550.277,"Vianden"
"957","2018","Vichten",79,915876.62,4452.304,"Vichten"
"958","2018","Wahl",29,NA,NA,"Wahl"
"959","2018","Waldbillig",45,925038.89,4155.038,"Waldbillig"
"960","2018","Waldbredimus",19,NA,NA,"Waldbredimus"
"961","2018","Walferdange",89,1254436.7,5783.956,"Walferdange"
"962","2018","Weiler-la-Tour",38,1103877.6,5871.257,"Weiler-la-Tour"
"963","2018","Weiswampach",70,644668.51,3740.633,"Weiswampach"
"964","2018","Wiltz",278,506037.35,2935.67,"Wiltz"
"965","2018","Wincrange",223,543964.57,3146.32,"Wincrange"
"966","2018","Winseler",18,NA,NA,"Winseler"
"967","2018","Wormeldange",57,944136.63,4617.846,"Wormeldange"
"968","2019","Beaufort",109,710548.78,3948.449,"Beaufort"
"969","2019","Bech",13,NA,NA,"Bech"
"970","2019","Beckerich",154,866784.75,5020.332,"Beckerich"
"971","2019","Berdorf",44,714552.77,3694.5,"Berdorf"
"972","2019","Bertrange",44,1606353.2,7587.324,"Bertrange"
"973","2019","Bettembourg",132,1107318.2,5084.001,"Bettembourg"
"974","2019","Bettendorf",75,718986.73,3974.492,"Bettendorf"
"975","2019","Betzdorf",34,1050788.4,4753.826,"Betzdorf"
"976","2019","Bissen",58,883476.02,5031.245,"Bissen"
"977","2019","Biwer",41,896424.37,4173.428,"Biwer"
"978","2019","Boulaide",62,657558.92,3604.439,"Boulaide"
"979","2019","Bourscheid",19,NA,NA,"Bourscheid"
"980","2019","Bous",16,NA,NA,"Bous"
"981","2019","Clervaux",281,838803.69,4481.37,"Clervaux"
"982","2019","Colmar-Berg",17,NA,NA,"Colmar-Berg"
"983","2019","Consdorf",24,NA,NA,"Consdorf"
"984","2019","Contern",97,1355557.9,6265.059,"Contern"
"985","2019","Dalheim",137,982928.84,5130.774,"Dalheim"
"986","2019","Diekirch",39,671871.79,4184.154,"Diekirch"
"987","2019","Differdange",520,738043.59,4477.356,"Differdange"
"988","2019","Dippach",147,1279549.6,5505.615,"Dippach"
"989","2019","Dudelange",253,917642.52,4976.088,"Dudelange"
"990","2019","Echternach",39,788871.79,4100.964,"Echternach"
"991","2019","Ell",136,768133.37,3981.587,"Ell"
"992","2019","Erpeldange",19,NA,NA,"Erpeldange"
"993","2019","Esch-sur-Alzette",333,828634.71,4641.856,"Esch-sur-Alzette"
"994","2019","Esch-sur-Sûre",79,655728.96,3729.698,"Esch-sur-Sûre"
"995","2019","Ettelbruck",1227,875397.74,5207.272,"Ettelbruck"
"996","2019","Feulen",38,836108.13,4128.616,"Feulen"
"997","2019","Fischbach",2,NA,NA,"Fischbach"
"998","2019","Flaxweiler",48,916393.4,4802.031,"Flaxweiler"
"999","2019","Frisange",120,1014897.9,4840.689,"Frisange"
"1000","2019","Garnich",38,1094393.2,5595.605,"Garnich"
"1001","2019","Goesdorf",45,643924.21,3758.36,"Goesdorf"
"1002","2019","Grevenmacher",130,1099521.2,5896.884,"Grevenmacher"
"1003","2019","Grosbous",6,NA,NA,"Grosbous"
"1004","2019","Habscht",152,836200.63,4261.266,"Habscht"
"1005","2019","Heffingen",22,NA,NA,"Heffingen"
"1006","2019","Helperknapp",196,864268.57,4139.876,"Helperknapp"
"1007","2019","Hesperange",131,1310675.6,6407.038,"Hesperange"
"1008","2019","Junglinster",145,1112458.8,5381.142,"Junglinster"
"1009","2019","Kaerjeng",306,948586.36,5157.857,"Kaerjeng"
"1010","2019","Kayl",107,783968.16,4610.4,"Kayl"
"1011","2019","Kehlen",101,1252773,5979.236,"Kehlen"
"1012","2019","Kiischpelt",30,546466.67,3285.596,"Kiischpelt"
"1013","2019","Koerich",73,1029898.5,5249.604,"Koerich"
"1014","2019","Kopstal",133,1491918.2,6311.217,"Kopstal"
"1015","2019","Lac de la Haute-Sûre",63,820505.59,3221.515,"Lac de la Haute-Sûre"
"1016","2019","Larochette",16,NA,NA,"Larochette"
"1017","2019","Lenningen",69,831941.61,4891.887,"Lenningen"
"1018","2019","Leudelange",121,1802526.8,6565.02,"Leudelange"
"1019","2019","Lintgen",57,939894.72,5607.917,"Lintgen"
"1020","2019","Lorentzweiler",200,1046443.3,5649.649,"Lorentzweiler"
"1021","2019","Luxembourg",558,1576213.6,8078.167,"Luxembourg"
"1022","2019","Mamer",159,1330212.2,6405.194,"Mamer"
"1023","2019","Manternach",332,910661.56,5782.595,"Manternach"
"1024","2019","Mersch",749,1110211.3,5700.724,"Mersch"
"1025","2019","Mertert",65,971834.02,4572.035,"Mertert"
"1026","2019","Mertzig",56,841449.68,4355.545,"Mertzig"
"1027","2019","Mondercange",70,1249759.9,5572.701,"Mondercange"
"1028","2019","Mondorf-les-Bains",129,977433.51,4391.548,"Mondorf-les-Bains"
"1029","2019","Niederanven",149,1579152.9,7039.238,"Niederanven"
"1030","2019","Nommern",4,NA,NA,"Nommern"
"1031","2019","Parc Hosingen",80,561982.41,3759.707,"Parc Hosingen"
"1032","2019","Petange",392,667280.33,4190.972,"Pétange"
"1033","2019","Préizerdaul",35,753016.07,3792.437,"Préizerdaul"
"1034","2019","Putscheid",8,NA,NA,"Putscheid"
"1035","2019","Rambrouch",316,634472.3,3037.231,"Rambrouch"
"1036","2019","Reckange-sur-Mess",43,1159163.5,5119.682,"Reckange-sur-Mess"
"1037","2019","Redange-sur-Attert",91,795954.51,4222.839,"Redange-sur-Attert"
"1038","2019","Reisdorf",28,NA,NA,"Reisdorf"
"1039","2019","Remich",56,957575.09,4608.421,"Remich"
"1040","2019","Roeser",75,1248928.3,6184.34,"Roeser"
"1041","2019","Rosport-Mompach",41,805463.41,3995.835,"Rosport-Mompach"
"1042","2019","Rumelange",94,670103.94,4200.217,"Rumelange"
"1043","2019","Saeul",3,NA,NA,"Saeul"
"1044","2019","Sandweiler",103,1244351.7,6091.403,"Sandweiler"
"1045","2019","Sanem",267,869737,4446.38,"Sanem"
"1046","2019","Schengen",72,751493.51,3674.03,"Schengen"
"1047","2019","Schieren",36,843384.44,4498.923,"Schieren"
"1048","2019","Schifflange",85,815894.12,4682.193,"Schifflange"
"1049","2019","Schuttrange",80,1357663.6,5533.854,"Schuttrange"
"1050","2019","Stadtbredimus",78,987396.15,3715.079,"Stadtbredimus"
"1051","2019","Steinfort",198,1075727.3,4434.209,"Steinfort"
"1052","2019","Steinsel",91,1540155.3,6490.608,"Steinsel"
"1053","2019","Strassen",51,1621750.9,7424.209,"Strassen"
"1054","2019","Tandel",0,NA,NA,"Tandel"
"1055","2019","Troisvierges",92,741726.67,3992.16,"Troisvierges"
"1056","2019","Useldange",59,744662.41,4053.216,"Useldange"
"1057","2019","Vallée de l'Ernz",55,772004.05,4385.68,"Vallée de l'Ernz"
"1058","2019","Vianden",38,553526.32,3824.864,"Vianden"
"1059","2019","Vichten",100,992221.28,4517.081,"Vichten"
"1060","2019","Wahl",11,NA,NA,"Wahl"
"1061","2019","Waldbillig",27,NA,NA,"Waldbillig"
"1062","2019","Waldbredimus",40,1082425.8,5145.286,"Waldbredimus"
"1063","2019","Walferdange",59,1440262.2,6636.738,"Walferdange"
"1064","2019","Weiler-la-Tour",55,1121421.3,5296.581,"Weiler-la-Tour"
"1065","2019","Weiswampach",113,615076.74,3903.223,"Weiswampach"
"1066","2019","Wiltz",177,580239.47,3315.955,"Wiltz"
"1067","2019","Wincrange",149,529375.33,3365.352,"Wincrange"
"1068","2019","Winseler",12,NA,NA,"Winseler"
"1069","2019","Wormeldange",92,1017426.4,5336.409,"Wormeldange"
"1070","2020","Beaufort",56,742411.89,3886.183,"Beaufort"
"1071","2020","Bech",11,NA,NA,"Bech"
"1072","2020","Beckerich",77,989659.14,5798.755,"Beckerich"
"1073","2020","Berdorf",8,NA,NA,"Berdorf"
"1074","2020","Bertrange",629,1891532.5,9078.719,"Bertrange"
"1075","2020","Bettembourg",156,1043473.9,5919.413,"Bettembourg"
"1076","2020","Bettendorf",132,953785.7,6533.536,"Bettendorf"
"1077","2020","Betzdorf",18,NA,NA,"Betzdorf"
"1078","2020","Bissen",26,NA,NA,"Bissen"
"1079","2020","Biwer",14,NA,NA,"Biwer"
"1080","2020","Boulaide",47,758868.17,3845.065,"Boulaide"
"1081","2020","Bourscheid",11,NA,NA,"Bourscheid"
"1082","2020","Bous",20,NA,NA,"Bous"
"1083","2020","Clervaux",205,1057434.9,5128.416,"Clervaux"
"1084","2020","Colmar-Berg",38,833315.79,5513.564,"Colmar-Berg"
"1085","2020","Consdorf",16,NA,NA,"Consdorf"
"1086","2020","Contern",53,1398622.8,7150.978,"Contern"
"1087","2020","Dalheim",44,987400.45,5426.887,"Dalheim"
"1088","2020","Diekirch",26,NA,NA,"Diekirch"
"1089","2020","Differdange",424,821865.11,5100.917,"Differdange"
"1090","2020","Dippach",146,1450331.8,6492.973,"Dippach"
"1091","2020","Dudelange",249,969099.03,5660.419,"Dudelange"
"1092","2020","Echternach",51,854000,5171.338,"Echternach"
"1093","2020","Ell",29,NA,NA,"Ell"
"1094","2020","Erpeldange",7,NA,NA,"Erpeldange"
"1095","2020","Esch-sur-Alzette",322,811075.06,5071.725,"Esch-sur-Alzette"
"1096","2020","Esch-sur-Sûre",86,716856.74,4136.246,"Esch-sur-Sûre"
"1097","2020","Ettelbruck",1199,986259.27,5713.685,"Ettelbruck"
"1098","2020","Feulen",35,896852,4999.62,"Feulen"
"1099","2020","Fischbach",4,NA,NA,"Fischbach"
"1100","2020","Flaxweiler",33,1131816.8,5359.379,"Flaxweiler"
"1101","2020","Frisange",58,1387222.1,6328.53,"Frisange"
"1102","2020","Garnich",74,1180683.1,5527.373,"Garnich"
"1103","2020","Goesdorf",26,NA,NA,"Goesdorf"
"1104","2020","Grevenmacher",74,938308.64,5657.125,"Grevenmacher"
"1105","2020","Grosbous",19,NA,NA,"Grosbous"
"1106","2020","Habscht",112,1019755.7,5038.08,"Habscht"
"1107","2020","Heffingen",12,NA,NA,"Heffingen"
"1108","2020","Helperknapp",160,1115020.9,5031.132,"Helperknapp"
"1109","2020","Hesperange",103,1489864.1,7686.345,"Hesperange"
"1110","2020","Junglinster",162,1309725.6,6558.399,"Junglinster"
"1111","2020","Kaerjeng",159,1132388,5925.479,"Kaerjeng"
"1112","2020","Kayl",124,889709.68,4575.196,"Kayl"
"1113","2020","Kehlen",562,1361380.5,8310.256,"Kehlen"
"1114","2020","Kiischpelt",18,NA,NA,"Kiischpelt"
"1115","2020","Koerich",202,1203615.9,6128.683,"Koerich"
"1116","2020","Kopstal",69,1978531.3,7569.612,"Kopstal"
"1117","2020","Lac de la Haute-Sûre",44,705276.93,3521.446,"Lac de la Haute-Sûre"
"1118","2020","Larochette",33,932393.94,4724.692,"Larochette"
"1119","2020","Lenningen",25,NA,NA,"Lenningen"
"1120","2020","Leudelange",33,1534375.6,7363.524,"Leudelange"
"1121","2020","Lintgen",36,1035611.1,5748.131,"Lintgen"
"1122","2020","Lorentzweiler",80,1453594.3,6574.75,"Lorentzweiler"
"1123","2020","Luxembourg",1050,1606490.2,9527.811,"Luxembourg"
"1124","2020","Mamer",431,1430028.2,7030.886,"Mamer"
"1125","2020","Manternach",100,1004278.4,5459.214,"Manternach"
"1126","2020","Mersch",387,1234759.6,6109.676,"Mersch"
"1127","2020","Mertert",103,973419.83,4941.763,"Mertert"
"1128","2020","Mertzig",37,940986.16,4362.532,"Mertzig"
"1129","2020","Mondercange",72,1359549.4,6107.561,"Mondercange"
"1130","2020","Mondorf-les-Bains",92,994292.3,5345,"Mondorf-les-Bains"
"1131","2020","Niederanven",93,1749576.2,8091.712,"Niederanven"
"1132","2020","Nommern",8,NA,NA,"Nommern"
"1133","2020","Parc Hosingen",89,743688.74,4688.807,"Parc Hosingen"
"1134","2020","Petange",203,746943.55,4850.497,"Pétange"
"1135","2020","Préizerdaul",23,NA,NA,"Préizerdaul"
"1136","2020","Putscheid",6,NA,NA,"Putscheid"
"1137","2020","Rambrouch",201,727879.16,3588.449,"Rambrouch"
"1138","2020","Reckange-sur-Mess",78,1327709.2,5726.506,"Reckange-sur-Mess"
"1139","2020","Redange-sur-Attert",62,864533.03,4541.128,"Redange-sur-Attert"
"1140","2020","Reisdorf",21,NA,NA,"Reisdorf"
"1141","2020","Remich",363,1211462.2,7478.598,"Remich"
"1142","2020","Roeser",168,1451332.8,6791.402,"Roeser"
"1143","2020","Rosport-Mompach",48,808627.4,4484.155,"Rosport-Mompach"
"1144","2020","Rumelange",65,732384.62,4837.649,"Rumelange"
"1145","2020","Saeul",4,NA,NA,"Saeul"
"1146","2020","Sandweiler",25,NA,NA,"Sandweiler"
"1147","2020","Sanem",226,943515.13,5368.408,"Sanem"
"1148","2020","Schengen",69,592932.2,3840.677,"Schengen"
"1149","2020","Schieren",29,NA,NA,"Schieren"
"1150","2020","Schifflange",206,1149982.6,6190.277,"Schifflange"
"1151","2020","Schuttrange",185,2010936.7,8983.075,"Schuttrange"
"1152","2020","Stadtbredimus",30,1126950,4850.487,"Stadtbredimus"
"1153","2020","Steinfort",48,1277576.9,5799.771,"Steinfort"
"1154","2020","Steinsel",59,1675187.9,7321.496,"Steinsel"
"1155","2020","Strassen",37,1814700,8629.778,"Strassen"
"1156","2020","Tandel",0,NA,NA,"Tandel"
"1157","2020","Troisvierges",62,726341.52,4066.665,"Troisvierges"
"1158","2020","Useldange",25,NA,NA,"Useldange"
"1159","2020","Vallée de l'Ernz",45,898436.42,4660.438,"Vallée de l'Ernz"
"1160","2020","Vianden",13,NA,NA,"Vianden"
"1161","2020","Vichten",40,1028126.4,4516.654,"Vichten"
"1162","2020","Wahl",10,NA,NA,"Wahl"
"1163","2020","Waldbillig",25,NA,NA,"Waldbillig"
"1164","2020","Waldbredimus",30,988816.57,5301.541,"Waldbredimus"
"1165","2020","Walferdange",101,1520943,8413.039,"Walferdange"
"1166","2020","Weiler-la-Tour",23,NA,NA,"Weiler-la-Tour"
"1167","2020","Weiswampach",55,608804.04,4066.589,"Weiswampach"
"1168","2020","Wiltz",152,657216.85,3545.305,"Wiltz"
"1169","2020","Wincrange",110,587987.15,3813.492,"Wincrange"
"1170","2020","Winseler",19,NA,NA,"Winseler"
"1171","2020","Wormeldange",72,997358.51,5849.745,"Wormeldange"
